unix,date,symbol,open,high,low,close,Volume BTC,Volume USDT,tradecount
1628388000000,2021-08-08 02:00:00,BTC/USDT,44102.84000000,44148.00000000,43785.00000000,43924.98000000,1916.23668300,84285247.95789196,105952
1628391600000,2021-08-08 03:00:00,BTC/USDT,43924.98000000,44355.97000000,43882.18000000,44322.42000000,1676.76970700,74128933.05895624,76678
1628395200000,2021-08-08 04:00:00,BTC/USDT,44322.42000000,44528.00000000,44155.21000000,44330.43000000,1560.54306200,69221540.52950916,41111
1628398800000,2021-08-08 05:00:00,BTC/USDT,44330.43000000,44813.77000000,44180.00000000,44746.29000000,2892.69393500,128984199.16251446,59123
1628402400000,2021-08-08 06:00:00,BTC/USDT,44746.29000000,45310.00000000,44633.83000000,45027.36000000,6450.53715800,290244660.49663402,141299
1628406000000,2021-08-08 07:00:00,BTC/USDT,45027.97000000,45266.17000000,44725.00000000,44804.51000000,3225.06196800,145117291.21379877,128732
1628409600000,2021-08-08 08:00:00,BTC/USDT,44804.51000000,45014.45000000,44405.69000000,44465.63000000,2787.48481500,124692212.35673304,65922
1628413200000,2021-08-08 09:00:00,BTC/USDT,44465.64000000,44888.18000000,44412.41000000,44724.17000000,2526.74993800,112960515.55764902,45628
1628416800000,2021-08-08 10:00:00,BTC/USDT,44724.16000000,44864.53000000,44193.19000000,44371.36000000,2799.44354900,124367018.22409925,86090
1628420400000,2021-08-08 11:00:00,BTC/USDT,44371.93000000,44717.00000000,44071.82000000,44452.06000000,2779.48309500,123549864.88344989,65062
1628424000000,2021-08-08 12:00:00,BTC/USDT,44452.05000000,45134.89000000,44357.35000000,45006.56000000,3031.68576900,135906542.83723733,70977
1628427600000,2021-08-08 13:00:00,BTC/USDT,45006.56000000,45198.27000000,44511.05000000,44750.00000000,2375.58246200,106549632.62773631,56212
1628431200000,2021-08-08 14:00:00,BTC/USDT,44749.99000000,44854.47000000,43818.00000000,43918.97000000,4765.98770400,210991353.66229360,93952
1628434800000,2021-08-08 15:00:00,BTC/USDT,43922.19000000,44190.00000000,43737.00000000,43984.55000000,3303.71283500,145425801.99764192,72001
1628438400000,2021-08-08 16:00:00,BTC/USDT,43988.88000000,44391.35000000,43581.48000000,43720.01000000,3504.05300400,154021831.62527604,75898
1628442000000,2021-08-08 17:00:00,BTC/USDT,43720.00000000,43910.00000000,43519.51000000,43674.82000000,2900.62977900,126777714.44233009,71768
1628445600000,2021-08-08 18:00:00,BTC/USDT,43674.81000000,43923.50000000,43396.35000000,43627.13000000,2277.09594700,99424296.32412375,57964
1628449200000,2021-08-08 19:00:00,BTC/USDT,43619.54000000,43884.10000000,43261.00000000,43715.10000000,2655.50374200,115663179.89214167,63619
1628452800000,2021-08-08 20:00:00,BTC/USDT,43715.10000000,44270.00000000,43541.05000000,43840.91000000,3178.49766800,139515415.54657403,65929
1628456400000,2021-08-08 21:00:00,BTC/USDT,43840.91000000,44260.67000000,43758.23000000,44229.20000000,1313.66079600,57850734.18945102,41075
1628460000000,2021-08-08 22:00:00,BTC/USDT,44229.20000000,44581.00000000,44152.91000000,44188.37000000,2002.95998800,88849594.88648580,99378
1628463600000,2021-08-08 23:00:00,BTC/USDT,44188.37000000,44444.00000000,43636.03000000,43794.37000000,2212.36688900,97354684.72459534,109361
1628467200000,2021-08-09 00:00:00,BTC/USDT,43794.36000000,43960.84000000,43050.00000000,43185.80000000,4131.98014800,179216818.94048409,105884
1628470800000,2021-08-09 01:00:00,BTC/USDT,43185.80000000,43343.58000000,42779.00000000,43094.78000000,3272.58476900,140858214.32887595,71547
1628474400000,2021-08-09 02:00:00,BTC/USDT,43094.78000000,43499.32000000,43045.41000000,43472.23000000,1269.67046600,54976331.78786665,33514
1628478000000,2021-08-09 03:00:00,BTC/USDT,43472.23000000,43632.14000000,43273.40000000,43496.09000000,1170.67519800,50847928.22641874,35088
1628481600000,2021-08-09 04:00:00,BTC/USDT,43496.09000000,43600.00000000,43234.00000000,43580.41000000,1991.74078200,86481509.61717155,35853
1628485200000,2021-08-09 05:00:00,BTC/USDT,43580.41000000,43734.02000000,43372.91000000,43544.45000000,1208.52092800,52670376.49324338,31158
1628488800000,2021-08-09 06:00:00,BTC/USDT,43544.46000000,43651.00000000,43263.21000000,43474.00000000,1737.37737200,75444343.18808015,39996
1628492400000,2021-08-09 07:00:00,BTC/USDT,43473.99000000,43845.39000000,43360.53000000,43800.74000000,1734.25151000,75584910.49530333,45775
1628496000000,2021-08-09 08:00:00,BTC/USDT,43800.74000000,43900.00000000,43600.92000000,43717.14000000,1940.53537900,84897980.63875104,61120
1628499600000,2021-08-09 09:00:00,BTC/USDT,43720.00000000,45011.63000000,43656.20000000,44855.11000000,5561.59074800,247653281.28797374,174417
1628503200000,2021-08-09 10:00:00,BTC/USDT,44855.11000000,45700.00000000,44744.18000000,45646.63000000,6717.40317700,303990545.57438240,162078
1628506800000,2021-08-09 11:00:00,BTC/USDT,45646.63000000,46048.50000000,45474.37000000,45930.01000000,5031.82557700,230105019.85388335,147404
1628510400000,2021-08-09 12:00:00,BTC/USDT,45930.01000000,46028.79000000,45544.18000000,45675.34000000,3200.09151600,146318811.87666378,116179
1628514000000,2021-08-09 13:00:00,BTC/USDT,45675.34000000,45904.28000000,45254.11000000,45396.01000000,3106.82624000,141758417.74202757,77254
1628517600000,2021-08-09 14:00:00,BTC/USDT,45396.00000000,46250.00000000,45373.50000000,45617.54000000,5672.63058300,260072175.58830186,145820
1628521200000,2021-08-09 15:00:00,BTC/USDT,45617.53000000,46018.00000000,45611.80000000,45870.75000000,3078.19523800,141300182.59608619,73714
1628524800000,2021-08-09 16:00:00,BTC/USDT,45870.76000000,46143.11000000,45671.24000000,45889.96000000,2503.58806900,114879526.10311771,112998
1628528400000,2021-08-09 17:00:00,BTC/USDT,45889.96000000,46029.19000000,45767.25000000,45833.41000000,1432.89831000,65703917.29008268,43724
1628532000000,2021-08-09 18:00:00,BTC/USDT,45833.40000000,46454.15000000,45826.45000000,46193.99000000,3858.21024100,178243052.00011622,93020
1628535600000,2021-08-09 19:00:00,BTC/USDT,46193.99000000,46400.00000000,45814.52000000,45979.85000000,2602.09873400,120052742.02819081,65780
1628539200000,2021-08-09 20:00:00,BTC/USDT,45981.05000000,46401.97000000,45422.00000000,45459.36000000,4457.68855600,204438693.25869527,131264
1628542800000,2021-08-09 21:00:00,BTC/USDT,45459.35000000,46041.06000000,44900.00000000,45716.07000000,4861.38489100,220780498.49192600,201574
1628546400000,2021-08-09 22:00:00,BTC/USDT,45716.06000000,46317.29000000,45676.00000000,46243.85000000,2036.91457200,93671437.80232638,73688
1628550000000,2021-08-09 23:00:00,BTC/USDT,46243.85000000,46412.99000000,46050.00000000,46253.40000000,2009.20184100,92923571.04814913,51746
1628553600000,2021-08-10 00:00:00,BTC/USDT,46248.87000000,46700.00000000,45703.43000000,45966.40000000,4222.13435500,195058748.15347400,98245
1628557200000,2021-08-10 01:00:00,BTC/USDT,45966.39000000,46099.13000000,45635.34000000,46007.02000000,1589.18079400,72885257.00359365,65544
1628560800000,2021-08-10 02:00:00,BTC/USDT,46008.66000000,46123.34000000,45824.20000000,46084.39000000,1326.11536300,60970387.01959704,54917
1628564400000,2021-08-10 03:00:00,BTC/USDT,46084.39000000,46111.87000000,45629.67000000,45708.76000000,1557.21801300,71370036.64958911,94450
1628568000000,2021-08-10 04:00:00,BTC/USDT,45707.12000000,45850.00000000,45450.62000000,45459.59000000,1575.85730300,71897866.02223766,40578
1628571600000,2021-08-10 05:00:00,BTC/USDT,45459.58000000,45777.16000000,45407.22000000,45560.00000000,1464.42637400,66832442.74968361,42672
1628575200000,2021-08-10 06:00:00,BTC/USDT,45562.45000000,45706.00000000,45360.00000000,45553.98000000,1806.20973900,82186819.65681843,46344
1628578800000,2021-08-10 07:00:00,BTC/USDT,45553.98000000,46023.92000000,45300.00000000,45948.00000000,2044.47215300,93145729.36572203,65181
1628582400000,2021-08-10 08:00:00,BTC/USDT,45948.00000000,46167.43000000,45700.00000000,46134.83000000,2041.49882300,93808566.74808959,132479
1628586000000,2021-08-10 09:00:00,BTC/USDT,46134.83000000,46171.42000000,45813.61000000,45970.47000000,1649.49011800,75839325.93763577,78395
1628589600000,2021-08-10 10:00:00,BTC/USDT,45970.47000000,46030.00000000,45276.55000000,45346.37000000,3409.00226400,155387958.86240331,85640
1628593200000,2021-08-10 11:00:00,BTC/USDT,45346.37000000,45595.84000000,45192.79000000,45345.05000000,2824.84140600,128273799.05260748,75046
1628596800000,2021-08-10 12:00:00,BTC/USDT,45345.05000000,45946.00000000,45188.22000000,45914.35000000,2572.45811900,117397497.39806202,118233
1628600400000,2021-08-10 13:00:00,BTC/USDT,45914.35000000,46097.99000000,45333.33000000,45529.57000000,4670.91258200,213616503.08752084,115291
1628604000000,2021-08-10 14:00:00,BTC/USDT,45529.57000000,45666.66000000,45195.77000000,45355.07000000,2260.66390900,102634777.94112137,94901
1628607600000,2021-08-10 15:00:00,BTC/USDT,45355.07000000,45495.70000000,44856.00000000,45165.73000000,3332.67242200,150571795.58958806,165590
1628611200000,2021-08-10 16:00:00,BTC/USDT,45161.75000000,45267.59000000,44589.46000000,44793.89000000,3757.93025300,168686108.45354233,149492
1628614800000,2021-08-10 17:00:00,BTC/USDT,44793.90000000,45153.40000000,44781.48000000,45095.99000000,1672.00555900,75192936.56815118,126595
1628618400000,2021-08-10 18:00:00,BTC/USDT,45095.99000000,45375.00000000,45011.01000000,45300.95000000,1511.88812000,68298351.26121818,44907
1628622000000,2021-08-10 19:00:00,BTC/USDT,45300.95000000,45565.18000000,45250.00000000,45495.73000000,1591.36065000,72311574.80605549,44601
1628625600000,2021-08-10 20:00:00,BTC/USDT,45495.73000000,45777.51000000,45369.99000000,45626.15000000,1922.08901900,87587049.19774267,49194
1628629200000,2021-08-10 21:00:00,BTC/USDT,45626.15000000,45906.54000000,45424.54000000,45679.98000000,1865.40533100,85281570.07255614,59714
1628632800000,2021-08-10 22:00:00,BTC/USDT,45679.97000000,45877.97000000,45406.71000000,45445.05000000,1428.45569200,65181405.74704260,43858
1628636400000,2021-08-10 23:00:00,BTC/USDT,45445.04000000,45656.35000000,45233.90000000,45584.99000000,1718.35506000,78069316.58960163,59463
1628640000000,2021-08-11 00:00:00,BTC/USDT,45585.00000000,45819.51000000,45378.41000000,45731.36000000,2112.32989200,96399776.30420904,58748
1628643600000,2021-08-11 01:00:00,BTC/USDT,45731.35000000,45914.14000000,45575.67000000,45776.38000000,1535.65448000,70260462.79919144,139912
1628647200000,2021-08-11 02:00:00,BTC/USDT,45773.06000000,45996.77000000,45341.14000000,45448.01000000,1817.38645100,82992805.97804112,119060
1628650800000,2021-08-11 03:00:00,BTC/USDT,45448.00000000,45650.00000000,45382.99000000,45585.66000000,942.22874900,42897930.25911358,31776
1628654400000,2021-08-11 04:00:00,BTC/USDT,45585.66000000,45789.99000000,45434.85000000,45620.32000000,1023.53211900,46708714.40148543,37667
1628658000000,2021-08-11 05:00:00,BTC/USDT,45620.32000000,45880.56000000,45545.13000000,45800.00000000,1268.93188700,58048714.69413592,66344
1628661600000,2021-08-11 06:00:00,BTC/USDT,45800.00000000,46250.00000000,45799.99000000,46079.99000000,3202.67941900,147341108.87633495,90045
1628665200000,2021-08-11 07:00:00,BTC/USDT,46080.00000000,46433.67000000,46079.99000000,46349.25000000,3018.60389500,139789657.34168512,79702
1628668800000,2021-08-11 08:00:00,BTC/USDT,46349.26000000,46571.42000000,46000.12000000,46194.32000000,3023.69549100,139959754.41395612,79377
1628672400000,2021-08-11 09:00:00,BTC/USDT,46194.33000000,46298.64000000,46023.45000000,46108.58000000,1326.66666900,61256562.63259225,48947
1628676000000,2021-08-11 10:00:00,BTC/USDT,46108.59000000,46381.85000000,45875.21000000,46042.05000000,2236.66766600,103125501.14220888,64223
1628679600000,2021-08-11 11:00:00,BTC/USDT,46042.05000000,46249.97000000,45850.00000000,45924.08000000,1782.51303700,82063459.89364255,55048
1628683200000,2021-08-11 12:00:00,BTC/USDT,45922.33000000,46136.35000000,45800.00000000,45980.33000000,1954.23051800,89802198.81729213,84830
1628686800000,2021-08-11 13:00:00,BTC/USDT,45980.32000000,46500.00000000,45907.99000000,46268.63000000,2847.27721500,131704961.52121768,74230
1628690400000,2021-08-11 14:00:00,BTC/USDT,46268.63000000,46659.77000000,46142.26000000,46490.01000000,3856.94019500,179165827.94193186,94692
1628694000000,2021-08-11 15:00:00,BTC/USDT,46490.00000000,46743.47000000,46317.81000000,46456.02000000,3803.99913100,177219049.62226639,108570
1628697600000,2021-08-11 16:00:00,BTC/USDT,46456.91000000,46576.52000000,46205.37000000,46347.78000000,2612.22645800,121167061.86661418,69279
1628701200000,2021-08-11 17:00:00,BTC/USDT,46347.78000000,46605.84000000,46262.87000000,46522.11000000,1460.35809600,67796930.78764717,47497
1628704800000,2021-08-11 18:00:00,BTC/USDT,46522.14000000,46607.94000000,46270.01000000,46302.83000000,1506.75519500,69844431.18114075,43103
1628708400000,2021-08-11 19:00:00,BTC/USDT,46302.83000000,46485.29000000,46212.00000000,46448.00000000,1467.87990100,68024738.07016695,45982
1628712000000,2021-08-11 20:00:00,BTC/USDT,46448.01000000,46680.00000000,46307.20000000,46319.74000000,1912.22223000,88979694.44800890,55416
1628715600000,2021-08-11 21:00:00,BTC/USDT,46319.73000000,46388.62000000,45900.12000000,46334.58000000,2631.84680300,121425787.63255545,91479
1628719200000,2021-08-11 22:00:00,BTC/USDT,46334.57000000,46347.66000000,45550.00000000,45756.69000000,3489.03129200,159923577.33041939,146185
1628722800000,2021-08-11 23:00:00,BTC/USDT,45756.68000000,45914.00000000,45510.66000000,45511.00000000,1901.24518800,86890061.87683926,130813
1628726400000,2021-08-12 00:00:00,BTC/USDT,45510.67000000,45880.00000000,45392.44000000,45761.74000000,2414.29379500,110202340.68006500,103009
1628730000000,2021-08-12 01:00:00,BTC/USDT,45761.73000000,46169.69000000,45638.53000000,46000.00000000,1912.28869400,87804563.89727992,66202
1628733600000,2021-08-12 02:00:00,BTC/USDT,45999.99000000,46213.96000000,45915.29000000,46213.96000000,1325.39526700,61065478.95684625,43130
1628737200000,2021-08-12 03:00:00,BTC/USDT,46214.02000000,46218.12000000,45901.61000000,45927.00000000,1068.20140900,49241992.02475982,35510
1628740800000,2021-08-12 04:00:00,BTC/USDT,45927.00000000,46016.57000000,45522.44000000,45588.95000000,1791.25308300,81978389.35746775,52974
1628744400000,2021-08-12 05:00:00,BTC/USDT,45588.95000000,45624.13000000,44833.40000000,45150.57000000,5416.19801800,244625722.15335622,144183
1628748000000,2021-08-12 06:00:00,BTC/USDT,45150.57000000,45237.28000000,44850.00000000,45230.01000000,3194.10983200,143873123.88693034,130066
1628751600000,2021-08-12 07:00:00,BTC/USDT,45230.01000000,45388.00000000,44999.00000000,45243.61000000,2181.98185900,98653455.98840125,65720
1628755200000,2021-08-12 08:00:00,BTC/USDT,45243.61000000,45391.06000000,45109.37000000,45230.50000000,1798.48964900,81383920.61212939,41666
1628758800000,2021-08-12 09:00:00,BTC/USDT,45230.49000000,45580.00000000,44844.72000000,45349.19000000,2783.28109400,125894927.38473825,65802
1628762400000,2021-08-12 10:00:00,BTC/USDT,45349.19000000,45662.74000000,45317.51000000,45345.00000000,1477.96774800,67169377.88559164,54472
1628766000000,2021-08-12 11:00:00,BTC/USDT,45344.99000000,45435.34000000,44600.00000000,44752.56000000,3409.21098700,153321990.73881166,77892
1628769600000,2021-08-12 12:00:00,BTC/USDT,44752.56000000,44968.29000000,44255.99000000,44602.55000000,4041.93324400,180189753.21364529,95443
1628773200000,2021-08-12 13:00:00,BTC/USDT,44602.54000000,44742.76000000,44444.32000000,44456.21000000,1867.73701100,83293014.86144798,68244
1628776800000,2021-08-12 14:00:00,BTC/USDT,44456.21000000,44522.63000000,43920.00000000,44137.17000000,4471.48708600,197754326.39889356,100693
1628780400000,2021-08-12 15:00:00,BTC/USDT,44133.00000000,44339.99000000,44066.00000000,44196.19000000,1990.63590600,88068791.10933753,84354
1628784000000,2021-08-12 16:00:00,BTC/USDT,44196.19000000,44349.49000000,43770.00000000,43999.41000000,3902.93462200,171873990.42951299,83220
1628787600000,2021-08-12 17:00:00,BTC/USDT,43999.40000000,44279.38000000,43860.82000000,44120.00000000,1544.06336400,68139882.38326207,45599
1628791200000,2021-08-12 18:00:00,BTC/USDT,44120.00000000,44512.20000000,44108.78000000,44423.82000000,1635.00202200,72462000.17185653,48325
1628794800000,2021-08-12 19:00:00,BTC/USDT,44423.81000000,44482.72000000,44260.00000000,44371.32000000,1270.49956300,56376009.57305044,38776
1628798400000,2021-08-12 20:00:00,BTC/USDT,44371.80000000,44549.99000000,44084.00000000,44474.97000000,1436.28860900,63763442.86312301,44895
1628802000000,2021-08-12 21:00:00,BTC/USDT,44474.96000000,44538.00000000,44142.00000000,44242.13000000,1127.54819500,49965362.91785404,39702
1628805600000,2021-08-12 22:00:00,BTC/USDT,44242.13000000,44295.38000000,43855.88000000,43954.59000000,1451.94004700,63937321.05592978,45436
1628809200000,2021-08-12 23:00:00,BTC/USDT,43954.42000000,44535.99000000,43948.38000000,44399.00000000,1753.36767700,77719346.31988542,48016
1628812800000,2021-08-13 00:00:00,BTC/USDT,44400.06000000,44675.69000000,44217.39000000,44493.69000000,2803.71791300,124738547.32793054,131116
1628816400000,2021-08-13 01:00:00,BTC/USDT,44493.69000000,44922.00000000,44455.00000000,44847.26000000,1980.12661900,88562762.79188752,135331
1628834400000,2021-08-13 06:00:00,BTC/USDT,44847.27000000,45949.01000000,44847.27000000,45833.34000000,2391.28250100,109134576.87131101,78332
1628838000000,2021-08-13 07:00:00,BTC/USDT,45833.35000000,46336.00000000,45833.34000000,46103.51000000,4690.91757900,216431799.62831653,131349
1628841600000,2021-08-13 08:00:00,BTC/USDT,46103.50000000,46323.62000000,45959.90000000,46161.01000000,3063.92669300,141403315.38945548,68626
1628845200000,2021-08-13 09:00:00,BTC/USDT,46161.01000000,46449.82000000,46132.39000000,46216.18000000,2987.87923200,138331137.17610275,110152
1628848800000,2021-08-13 10:00:00,BTC/USDT,46216.83000000,46474.34000000,46216.83000000,46293.25000000,1862.49860900,86343488.56177218,85943
1628852400000,2021-08-13 11:00:00,BTC/USDT,46293.25000000,46537.15000000,46111.00000000,46138.47000000,2476.34928100,114776599.21873678,61892
1628856000000,2021-08-13 12:00:00,BTC/USDT,46138.46000000,46643.00000000,46128.18000000,46524.98000000,2080.60962900,96582907.49960662,80378
1628859600000,2021-08-13 13:00:00,BTC/USDT,46524.97000000,46666.00000000,46406.00000000,46529.99000000,1712.30516500,79683841.91570038,51484
1628863200000,2021-08-13 14:00:00,BTC/USDT,46529.99000000,46630.00000000,46243.36000000,46432.47000000,2144.31358100,99597321.24573630,54730
1628866800000,2021-08-13 15:00:00,BTC/USDT,46438.37000000,46530.88000000,46150.00000000,46357.15000000,2251.54975400,104260419.27752376,61569
1628870400000,2021-08-13 16:00:00,BTC/USDT,46357.15000000,46544.43000000,46222.31000000,46533.00000000,1388.82384700,64430117.98520366,44803
1628874000000,2021-08-13 17:00:00,BTC/USDT,46533.00000000,46622.21000000,46396.11000000,46490.81000000,1130.23580200,52559281.59852113,105365
1628877600000,2021-08-13 18:00:00,BTC/USDT,46490.80000000,46630.00000000,46301.00000000,46510.58000000,1563.41913500,72723755.92067864,71235
1628881200000,2021-08-13 19:00:00,BTC/USDT,46510.58000000,46532.03000000,46257.00000000,46459.86000000,1094.08683400,50748210.18289878,82655
1628884800000,2021-08-13 20:00:00,BTC/USDT,46459.86000000,47886.00000000,46390.00000000,47588.00000000,7305.58112900,346042082.89846081,192792
1628888400000,2021-08-13 21:00:00,BTC/USDT,47584.63000000,47816.47000000,47502.68000000,47556.76000000,2084.47273900,99368698.55000507,106782
1628892000000,2021-08-13 22:00:00,BTC/USDT,47556.76000000,47660.40000000,47479.06000000,47549.87000000,1299.78094800,61823057.38649981,43804
1628895600000,2021-08-13 23:00:00,BTC/USDT,47549.88000000,47835.73000000,47511.32000000,47800.00000000,1927.49344100,91893779.69144379,106378
1628899200000,2021-08-14 00:00:00,BTC/USDT,47799.99000000,47834.12000000,47490.15000000,47631.85000000,2000.52950200,95358648.04991226,158083
1628902800000,2021-08-14 01:00:00,BTC/USDT,47631.86000000,47758.18000000,47551.35000000,47557.16000000,1452.44128900,69214867.79700188,38330
1628906400000,2021-08-14 02:00:00,BTC/USDT,47557.16000000,47639.14000000,47382.00000000,47540.79000000,1111.80001200,52835478.64114641,34478
1628910000000,2021-08-14 03:00:00,BTC/USDT,47542.07000000,47594.46000000,47417.85000000,47540.00000000,918.26175200,43625386.87066645,114199
1628913600000,2021-08-14 04:00:00,BTC/USDT,47540.00000000,47676.86000000,47431.34000000,47456.66000000,1171.97842900,55733458.49624710,99476
1628917200000,2021-08-14 05:00:00,BTC/USDT,47456.66000000,47576.39000000,47430.00000000,47524.06000000,1004.28028400,47703656.18399846,147673
1628920800000,2021-08-14 06:00:00,BTC/USDT,47524.06000000,47673.87000000,47494.35000000,47508.36000000,1038.02014500,49391531.89856138,36425
1628924400000,2021-08-14 07:00:00,BTC/USDT,47508.35000000,47722.98000000,47477.00000000,47616.12000000,1171.56020100,55803293.30497526,39869
1628928000000,2021-08-14 08:00:00,BTC/USDT,47616.12000000,47699.99000000,47510.25000000,47595.92000000,940.94412600,44799287.23966486,66448
1628931600000,2021-08-14 09:00:00,BTC/USDT,47595.92000000,48144.00000000,46704.60000000,46993.74000000,5016.80251900,238604983.30010591,140276
1628935200000,2021-08-14 10:00:00,BTC/USDT,46993.73000000,47267.31000000,46108.00000000,46308.15000000,7898.99418900,368802157.38458955,216986
1628938800000,2021-08-14 11:00:00,BTC/USDT,46308.15000000,46571.74000000,45971.03000000,46569.99000000,3330.02006900,154122928.65882689,88656
1628942400000,2021-08-14 12:00:00,BTC/USDT,46570.54000000,46584.75000000,46250.00000000,46269.35000000,2374.34232500,110157428.87608396,53580
1628946000000,2021-08-14 13:00:00,BTC/USDT,46266.38000000,46510.14000000,46100.00000000,46502.00000000,1663.87347000,77075639.90936887,95713
1628949600000,2021-08-14 14:00:00,BTC/USDT,46502.01000000,46950.00000000,46440.00000000,46900.00000000,2800.17573600,130834641.06178963,69893
1628953200000,2021-08-14 15:00:00,BTC/USDT,46899.99000000,46950.00000000,46539.94000000,46944.47000000,2118.64321900,99167581.73774154,54095
1628956800000,2021-08-14 16:00:00,BTC/USDT,46944.47000000,46985.19000000,46654.97000000,46857.88000000,1502.79864200,70391818.64569152,74538
1628960400000,2021-08-14 17:00:00,BTC/USDT,46857.89000000,46870.70000000,46568.21000000,46775.87000000,960.77749200,44930527.49898734,36384
1628964000000,2021-08-14 18:00:00,BTC/USDT,46775.88000000,46873.90000000,46668.20000000,46727.56000000,899.24171900,42046679.25804257,61928
1628967600000,2021-08-14 19:00:00,BTC/USDT,46725.20000000,47374.67000000,46652.03000000,47033.76000000,1705.34770700,80199299.34986841,48777
1628971200000,2021-08-14 20:00:00,BTC/USDT,47033.77000000,47047.14000000,46331.28000000,46620.55000000,2022.07364000,94197695.65100905,53656
1628974800000,2021-08-14 21:00:00,BTC/USDT,46620.55000000,47068.43000000,46613.91000000,47017.45000000,883.74371300,41412100.13884673,49245
1628978400000,2021-08-14 22:00:00,BTC/USDT,47017.45000000,47213.88000000,46827.25000000,46848.82000000,1197.24876700,56263612.40504053,38074
1628982000000,2021-08-14 23:00:00,BTC/USDT,46848.82000000,47189.98000000,46830.62000000,47068.51000000,930.46007500,43788756.31008241,32774
1628985600000,2021-08-15 00:00:00,BTC/USDT,47068.50000000,47242.24000000,46907.28000000,47195.90000000,1285.90445800,60562744.52501073,41545
1628989200000,2021-08-15 01:00:00,BTC/USDT,47195.90000000,47372.27000000,47058.44000000,47137.80000000,1058.20017300,49951817.11058079,84246
1628992800000,2021-08-15 02:00:00,BTC/USDT,47137.80000000,47329.92000000,47120.12000000,47182.21000000,1023.63398100,48355258.75087865,61404
1628996400000,2021-08-15 03:00:00,BTC/USDT,47182.20000000,47269.51000000,46802.00000000,46874.81000000,1171.40359700,55146656.57605150,94919
1629000000000,2021-08-15 04:00:00,BTC/USDT,46877.72000000,46888.00000000,46450.00000000,46721.99000000,1443.70285500,67386171.72972316,47876
1629003600000,2021-08-15 05:00:00,BTC/USDT,46721.99000000,46880.00000000,46501.00000000,46622.09000000,1224.79376400,57171755.59736021,89388
1629007200000,2021-08-15 06:00:00,BTC/USDT,46617.70000000,46773.13000000,46280.00000000,46406.29000000,1516.30954500,70477279.60674999,45286
1629010800000,2021-08-15 07:00:00,BTC/USDT,46406.29000000,46461.97000000,45519.00000000,45742.92000000,4249.20102100,195526429.16029975,99042
1629014400000,2021-08-15 08:00:00,BTC/USDT,45738.34000000,45918.88000000,45555.55000000,45732.93000000,2481.79687300,113569400.32695461,172777
1629018000000,2021-08-15 09:00:00,BTC/USDT,45732.94000000,46167.26000000,45640.00000000,46027.35000000,1769.31991200,81259656.62875907,53523
1629021600000,2021-08-15 10:00:00,BTC/USDT,46027.34000000,46142.97000000,45800.00000000,45929.98000000,2006.16553000,92235234.63135809,47229
1629025200000,2021-08-15 11:00:00,BTC/USDT,45929.98000000,46120.00000000,45650.16000000,45923.57000000,1615.71504500,74153177.84489780,47037
1629028800000,2021-08-15 12:00:00,BTC/USDT,45923.57000000,46070.00000000,45700.44000000,45808.00000000,1372.55048700,62946206.41606293,42003
1629032400000,2021-08-15 13:00:00,BTC/USDT,45808.00000000,46070.00000000,45500.00000000,46050.00000000,1911.24599100,87529798.03243646,53351
1629036000000,2021-08-15 14:00:00,BTC/USDT,46049.99000000,46498.89000000,45759.91000000,45862.84000000,2612.72490800,120720724.93845534,67231
1629039600000,2021-08-15 15:00:00,BTC/USDT,45862.84000000,46199.50000000,45810.73000000,46167.90000000,1398.39949000,64323828.51794621,40297
1629043200000,2021-08-15 16:00:00,BTC/USDT,46173.49000000,46349.08000000,45859.66000000,45890.47000000,1428.20595600,65870393.79195257,41752
1629046800000,2021-08-15 17:00:00,BTC/USDT,45890.46000000,46072.46000000,45649.82000000,45973.90000000,1801.95225300,82601149.41986781,48082
1629050400000,2021-08-15 18:00:00,BTC/USDT,45973.90000000,46299.00000000,45835.76000000,46281.82000000,2013.99270500,92774835.37681804,47936
1629054000000,2021-08-15 19:00:00,BTC/USDT,46281.82000000,46428.21000000,46070.52000000,46341.80000000,1405.62871200,65014613.89284476,40311
1629057600000,2021-08-15 20:00:00,BTC/USDT,46337.77000000,46735.63000000,46254.24000000,46676.30000000,1873.55446800,87161819.92521829,51615
1629061200000,2021-08-15 21:00:00,BTC/USDT,46676.31000000,46980.00000000,46450.00000000,46837.56000000,1452.23466900,67925646.94377418,61829
1629064800000,2021-08-15 22:00:00,BTC/USDT,46837.57000000,47255.00000000,46835.00000000,47210.67000000,2041.96843700,96171683.10137442,93039
1629068400000,2021-08-15 23:00:00,BTC/USDT,47210.67000000,47299.15000000,46856.37000000,46973.82000000,1952.10650400,91917430.36674938,108404
1629072000000,2021-08-16 00:00:00,BTC/USDT,46973.82000000,47800.00000000,46741.44000000,47546.67000000,4252.71541000,201918480.11577036,136952
1629075600000,2021-08-16 01:00:00,BTC/USDT,47546.68000000,47692.19000000,47464.72000000,47634.64000000,1512.47743300,71944703.19057737,42200
1629079200000,2021-08-16 02:00:00,BTC/USDT,47634.64000000,48002.00000000,47541.00000000,47993.82000000,3257.05726700,155827215.61098734,64521
1629082800000,2021-08-16 03:00:00,BTC/USDT,47993.81000000,48053.83000000,47291.44000000,47357.62000000,2885.38820700,137446843.81363804,84544
1629086400000,2021-08-16 04:00:00,BTC/USDT,47357.62000000,47575.00000000,47351.32000000,47396.06000000,1827.46440600,86754274.80798550,49419
1629090000000,2021-08-16 05:00:00,BTC/USDT,47396.07000000,47624.20000000,47385.90000000,47612.00000000,1800.97834400,85530520.52297496,65103
1629093600000,2021-08-16 06:00:00,BTC/USDT,47612.01000000,47719.30000000,47182.35000000,47344.74000000,1670.34808900,79136867.77957080,83516
1629097200000,2021-08-16 07:00:00,BTC/USDT,47344.73000000,47500.00000000,47289.08000000,47309.85000000,1127.78298000,53440320.44455595,38214
1629100800000,2021-08-16 08:00:00,BTC/USDT,47309.85000000,47420.00000000,47000.00000000,47131.01000000,1941.62765000,91599391.29912235,55359
1629104400000,2021-08-16 09:00:00,BTC/USDT,47131.01000000,47222.81000000,47031.98000000,47169.98000000,1398.92076300,65938900.09644460,44455
1629108000000,2021-08-16 10:00:00,BTC/USDT,47169.99000000,47534.00000000,47161.05000000,47421.57000000,1992.82412200,94384108.99958847,50544
1629111600000,2021-08-16 11:00:00,BTC/USDT,47421.58000000,47661.38000000,47370.00000000,47516.95000000,2022.24189400,96074967.11105097,54766
1629115200000,2021-08-16 12:00:00,BTC/USDT,47516.95000000,47709.12000000,47157.61000000,47304.68000000,2179.24836300,103220519.13041533,60188
1629118800000,2021-08-16 13:00:00,BTC/USDT,47304.68000000,47368.94000000,46318.98000000,46440.28000000,4581.43444300,214110469.39941922,110531
1629122400000,2021-08-16 14:00:00,BTC/USDT,46440.27000000,46604.68000000,46080.00000000,46101.60000000,3358.16340900,155582736.38286309,164504
1629126000000,2021-08-16 15:00:00,BTC/USDT,46101.59000000,46465.00000000,45951.73000000,46344.03000000,2967.54780300,137053868.98638970,124672
1629129600000,2021-08-16 16:00:00,BTC/USDT,46344.03000000,46582.89000000,46205.34000000,46438.20000000,1730.70313400,80270021.78951079,51542
1629133200000,2021-08-16 17:00:00,BTC/USDT,46438.23000000,46541.00000000,46175.01000000,46473.51000000,1272.91009700,59018027.16375292,40767
1629136800000,2021-08-16 18:00:00,BTC/USDT,46473.51000000,46666.00000000,46365.25000000,46481.53000000,1435.50971300,66740582.79968374,46355
1629140400000,2021-08-16 19:00:00,BTC/USDT,46481.52000000,46481.53000000,46067.51000000,46092.99000000,1368.94058700,63345962.10071244,49210
1629144000000,2021-08-16 20:00:00,BTC/USDT,46092.98000000,46119.09000000,45660.00000000,46057.67000000,3822.50183100,175143555.69640372,102847
1629147600000,2021-08-16 21:00:00,BTC/USDT,46057.67000000,46246.11000000,45879.90000000,46049.97000000,1406.72464300,64805359.17338446,46185
1629151200000,2021-08-16 22:00:00,BTC/USDT,46049.98000000,46337.62000000,45980.57000000,46121.11000000,1174.19987200,54213706.74472065,37429
1629154800000,2021-08-16 23:00:00,BTC/USDT,46121.10000000,46196.97000000,45716.87000000,45901.29000000,1492.86355400,68626226.44950082,51555
1629158400000,2021-08-17 00:00:00,BTC/USDT,45901.30000000,46084.74000000,45239.45000000,45757.10000000,3549.64849000,161818791.46915767,96862
1629162000000,2021-08-17 01:00:00,BTC/USDT,45757.10000000,46370.00000000,45715.02000000,46285.46000000,2071.62255400,95557963.50744846,56811
1629165600000,2021-08-17 02:00:00,BTC/USDT,46285.45000000,46470.27000000,46143.90000000,46447.28000000,1609.62147900,74527992.82593591,50037
1629169200000,2021-08-17 03:00:00,BTC/USDT,46447.28000000,46620.00000000,46330.95000000,46417.00000000,1513.99025200,70323814.87045423,46967
1629172800000,2021-08-17 04:00:00,BTC/USDT,46417.00000000,46600.00000000,46252.36000000,46376.43000000,1212.64286400,56300320.59188045,41591
1629176400000,2021-08-17 05:00:00,BTC/USDT,46376.44000000,46473.42000000,46020.04000000,46041.81000000,1382.49371400,63950454.24193751,46006
1629180000000,2021-08-17 06:00:00,BTC/USDT,46041.81000000,46118.45000000,45735.00000000,45755.66000000,1875.13965000,86102607.15094883,53548
1629183600000,2021-08-17 07:00:00,BTC/USDT,45755.66000000,46010.00000000,45636.97000000,45947.49000000,1616.08499600,74007870.59820097,50840
1629187200000,2021-08-17 08:00:00,BTC/USDT,45947.49000000,46365.71000000,45885.01000000,46188.00000000,1959.99158900,90453333.52275146,55330
1629190800000,2021-08-17 09:00:00,BTC/USDT,46187.99000000,46882.22000000,46170.00000000,46843.53000000,2830.00254000,131838206.13752923,73491
1629194400000,2021-08-17 10:00:00,BTC/USDT,46843.52000000,46971.99000000,46586.97000000,46622.09000000,2683.88359600,125649512.57845189,66882
1629198000000,2021-08-17 11:00:00,BTC/USDT,46622.10000000,47160.00000000,46622.09000000,46849.43000000,2654.68364200,124463953.15382090,79870
1629201600000,2021-08-17 12:00:00,BTC/USDT,46845.15000000,47082.60000000,46650.00000000,46655.24000000,2288.43447300,107286869.31069940,69318
1629205200000,2021-08-17 13:00:00,BTC/USDT,46655.23000000,46799.99000000,46280.00000000,46373.51000000,2322.39185600,107969244.92093181,65856
1629208800000,2021-08-17 14:00:00,BTC/USDT,46373.51000000,46460.00000000,45868.23000000,45948.44000000,3127.46247000,144075086.71407421,131752
1629212400000,2021-08-17 15:00:00,BTC/USDT,45948.45000000,46045.77000000,45659.00000000,45730.00000000,2455.14965000,112488802.10789913,113224
1629216000000,2021-08-17 16:00:00,BTC/USDT,45730.00000000,46114.59000000,45532.33000000,45654.99000000,2373.04224200,108629465.62642642,69479
1629219600000,2021-08-17 17:00:00,BTC/USDT,45654.98000000,45941.61000000,45543.00000000,45800.62000000,1608.00891200,73546669.95717806,128714
1629223200000,2021-08-17 18:00:00,BTC/USDT,45800.62000000,46222.40000000,45636.22000000,45760.53000000,1848.43550100,84900098.27904756,52908
1629226800000,2021-08-17 19:00:00,BTC/USDT,45760.54000000,45798.75000000,45287.55000000,45465.01000000,3598.03486000,163749988.99590287,77357
1629230400000,2021-08-17 20:00:00,BTC/USDT,45465.01000000,45543.44000000,44537.03000000,44999.01000000,5621.61593700,252571686.60022890,153677
1629234000000,2021-08-17 21:00:00,BTC/USDT,44999.01000000,45046.51000000,44675.00000000,44777.14000000,2274.67216200,102046417.48292093,70692
1629237600000,2021-08-17 22:00:00,BTC/USDT,44777.14000000,44974.32000000,44376.00000000,44927.48000000,3040.42497600,135979707.90820322,83600
1629241200000,2021-08-17 23:00:00,BTC/USDT,44927.48000000,44941.09000000,44558.13000000,44695.95000000,1521.86322400,68100739.36371242,46491
1629244800000,2021-08-18 00:00:00,BTC/USDT,44695.95000000,45031.56000000,44459.49000000,44820.00000000,3085.33231400,138057281.85713826,78054
1629248400000,2021-08-18 01:00:00,BTC/USDT,44819.99000000,45135.40000000,44203.28000000,45119.99000000,3188.40254200,142420003.02755313,91875
1629252000000,2021-08-18 02:00:00,BTC/USDT,45120.00000000,45135.18000000,44278.18000000,44940.01000000,4901.61985300,218888571.07712930,85075
1629255600000,2021-08-18 03:00:00,BTC/USDT,44940.01000000,45067.91000000,44608.70000000,45055.78000000,1513.39845900,67828831.30831492,44079
1629259200000,2021-08-18 04:00:00,BTC/USDT,45055.78000000,45281.87000000,44861.00000000,45074.04000000,1739.88940000,78406467.09672987,43948
1629262800000,2021-08-18 05:00:00,BTC/USDT,45074.03000000,45440.00000000,45007.00000000,45440.00000000,2105.80386500,95320096.46446547,46755
1629266400000,2021-08-18 06:00:00,BTC/USDT,45439.99000000,45500.00000000,45222.01000000,45395.89000000,1532.32978100,69506016.04278710,39863
1629270000000,2021-08-18 07:00:00,BTC/USDT,45395.90000000,45436.57000000,44853.80000000,44951.32000000,1795.90870000,81062784.99488516,46015
1629273600000,2021-08-18 08:00:00,BTC/USDT,44951.31000000,45279.92000000,44859.55000000,45251.83000000,1473.58187000,66423991.36721276,41823
1629277200000,2021-08-18 09:00:00,BTC/USDT,45251.82000000,45462.71000000,45122.01000000,45373.42000000,1727.68064600,78341854.96739723,43056
1629280800000,2021-08-18 10:00:00,BTC/USDT,45373.42000000,45560.00000000,45108.03000000,45180.35000000,1718.81247200,77919404.08843957,112729
1629284400000,2021-08-18 11:00:00,BTC/USDT,45180.35000000,45421.02000000,44650.00000000,44746.59000000,2640.73996600,118729647.38537355,68289
1629288000000,2021-08-18 12:00:00,BTC/USDT,44746.60000000,45103.44000000,44650.01000000,44995.70000000,2292.27019400,102884813.99288681,57697
1629291600000,2021-08-18 13:00:00,BTC/USDT,44995.70000000,45400.00000000,44995.69000000,45250.00000000,1843.36008500,83373577.65820339,65755
1629295200000,2021-08-18 14:00:00,BTC/USDT,45250.00000000,45493.51000000,45144.27000000,45402.08000000,2073.88211300,94009803.28121659,54305
1629298800000,2021-08-18 15:00:00,BTC/USDT,45402.08000000,45833.00000000,45185.00000000,45820.00000000,3292.04494500,149824197.94855847,102258
1629302400000,2021-08-18 16:00:00,BTC/USDT,45820.00000000,45969.99000000,45593.22000000,45878.42000000,2731.91117900,125051278.75919185,117686
1629306000000,2021-08-18 17:00:00,BTC/USDT,45878.42000000,45920.00000000,45730.09000000,45813.89000000,1923.47649900,88130998.77714363,94094
1629309600000,2021-08-18 18:00:00,BTC/USDT,45813.90000000,46000.00000000,45350.00000000,45401.40000000,2599.21659000,118661628.68404086,58189
1629313200000,2021-08-18 19:00:00,BTC/USDT,45401.40000000,45510.47000000,44772.65000000,44901.12000000,2772.15346700,124927750.81444875,64162
1629316800000,2021-08-18 20:00:00,BTC/USDT,44901.11000000,44990.97000000,44500.00000000,44525.26000000,1994.97698400,89256703.84293378,91200
1629320400000,2021-08-18 21:00:00,BTC/USDT,44525.27000000,44780.52000000,44401.00000000,44577.95000000,1835.87093000,81866169.98793004,89653
1629324000000,2021-08-18 22:00:00,BTC/USDT,44577.95000000,44907.40000000,44500.00000000,44862.13000000,1615.23138900,72277283.46267109,71151
1629327600000,2021-08-18 23:00:00,BTC/USDT,44862.14000000,45192.89000000,44683.39000000,44705.29000000,1701.52174200,76504109.06046543,49012
1629331200000,2021-08-19 00:00:00,BTC/USDT,44699.37000000,45078.78000000,44480.58000000,45042.66000000,2341.39329400,104808260.42548966,73840
1629334800000,2021-08-19 01:00:00,BTC/USDT,45042.66000000,45234.56000000,44863.16000000,44955.07000000,1644.45341900,74089807.43354442,44813
1629338400000,2021-08-19 02:00:00,BTC/USDT,44959.96000000,44959.96000000,44581.34000000,44590.84000000,1574.23565800,70412721.87360880,59075
1629342000000,2021-08-19 03:00:00,BTC/USDT,44590.83000000,44613.36000000,44044.65000000,44046.97000000,2989.91115600,132356686.32121767,123366
1629345600000,2021-08-19 04:00:00,BTC/USDT,44046.97000000,44324.92000000,43927.70000000,44132.07000000,3029.52083700,133606401.91082567,108671
1629349200000,2021-08-19 05:00:00,BTC/USDT,44132.07000000,44493.38000000,44040.82000000,44403.35000000,1745.47663700,77385152.66800033,71246
1629352800000,2021-08-19 06:00:00,BTC/USDT,44403.36000000,44522.37000000,44207.48000000,44380.61000000,1479.18958200,65603064.35309269,40710
1629356400000,2021-08-19 07:00:00,BTC/USDT,44380.60000000,44660.90000000,44216.00000000,44660.01000000,2092.53197800,92921470.74283532,50508
1629360000000,2021-08-19 08:00:00,BTC/USDT,44660.01000000,45000.00000000,44338.67000000,44705.55000000,2706.15438300,120983783.96372598,62339
1629363600000,2021-08-19 09:00:00,BTC/USDT,44705.54000000,44866.14000000,44600.85000000,44756.80000000,1387.60183500,62113522.42438852,38478
1629367200000,2021-08-19 10:00:00,BTC/USDT,44756.79000000,44861.13000000,44350.00000000,44360.01000000,1626.61713000,72515300.76976443,44979
1629370800000,2021-08-19 11:00:00,BTC/USDT,44360.00000000,44487.81000000,44175.47000000,44215.25000000,1786.14874600,79175098.39109721,42613
1629374400000,2021-08-19 12:00:00,BTC/USDT,44215.24000000,44613.62000000,44123.65000000,44577.56000000,1661.86273800,73695035.74017078,45806
1629378000000,2021-08-19 13:00:00,BTC/USDT,44577.56000000,44998.00000000,44391.55000000,44982.88000000,2745.47902300,122799252.10388796,60602
1629381600000,2021-08-19 14:00:00,BTC/USDT,44982.89000000,45480.00000000,44982.89000000,45448.27000000,3899.52815400,176580800.45024729,83891
1629385200000,2021-08-19 15:00:00,BTC/USDT,45448.28000000,45800.00000000,45448.27000000,45779.58000000,2730.87286300,124632310.40109833,69474
1629388800000,2021-08-19 16:00:00,BTC/USDT,45779.59000000,45951.33000000,45585.00000000,45603.20000000,2525.16552500,115553874.75007548,62020
1629392400000,2021-08-19 17:00:00,BTC/USDT,45603.19000000,45800.00000000,45405.86000000,45730.21000000,1818.93971000,82966489.20970238,46671
1629396000000,2021-08-19 18:00:00,BTC/USDT,45730.22000000,46757.01000000,45674.46000000,46562.83000000,4756.20820800,220413793.13659474,185708
1629399600000,2021-08-19 19:00:00,BTC/USDT,46562.83000000,46751.14000000,46492.85000000,46710.00000000,2298.49311200,107215686.29199196,145461
1629403200000,2021-08-19 20:00:00,BTC/USDT,46710.00000000,46877.10000000,46433.88000000,46591.72000000,1872.10016400,87243820.32605793,110963
1629406800000,2021-08-19 21:00:00,BTC/USDT,46591.72000000,46710.11000000,46488.02000000,46606.99000000,1071.59583400,49914854.77041203,64870
1629410400000,2021-08-19 22:00:00,BTC/USDT,46607.00000000,46808.71000000,46340.12000000,46804.84000000,1421.32650800,66117485.71743214,74650
1629414000000,2021-08-19 23:00:00,BTC/USDT,46804.84000000,47033.00000000,46502.62000000,46760.62000000,2206.94742600,103215392.95850712,63628
1629417600000,2021-08-20 00:00:00,BTC/USDT,46760.62000000,47390.00000000,46622.99000000,47140.45000000,3718.89961800,175212509.69583317,103748
1629421200000,2021-08-20 01:00:00,BTC/USDT,47140.45000000,47305.01000000,46913.65000000,47193.51000000,1877.26192400,88500015.96060380,51319
1629424800000,2021-08-20 02:00:00,BTC/USDT,47193.52000000,47309.92000000,47067.31000000,47151.65000000,1411.61072700,66597051.95027618,36185
1629428400000,2021-08-20 03:00:00,BTC/USDT,47151.65000000,47193.53000000,46947.21000000,47054.74000000,1530.94414200,72052866.15849548,38763
1629432000000,2021-08-20 04:00:00,BTC/USDT,47054.75000000,47215.30000000,46986.82000000,47114.99000000,1384.85465900,65240605.55989211,89596
1629435600000,2021-08-20 05:00:00,BTC/USDT,47115.00000000,47200.00000000,46827.00000000,47163.29000000,1989.34736000,93555598.52330495,61168
1629439200000,2021-08-20 06:00:00,BTC/USDT,47163.29000000,47246.39000000,47001.02000000,47172.03000000,1469.45044600,69259756.00303278,93379
1629442800000,2021-08-20 07:00:00,BTC/USDT,47172.04000000,47199.42000000,46700.24000000,46833.48000000,2250.38874600,105704205.57877317,120636
1629446400000,2021-08-20 08:00:00,BTC/USDT,46833.48000000,47004.99000000,46720.00000000,46916.80000000,2153.73017000,100932858.76596559,48921
1629450000000,2021-08-20 09:00:00,BTC/USDT,46916.80000000,47330.00000000,46894.40000000,47209.33000000,2467.59533500,116330539.38880570,56608
1629453600000,2021-08-20 10:00:00,BTC/USDT,47209.33000000,47357.67000000,47134.82000000,47235.00000000,1504.01634700,71014238.74836471,50799
1629457200000,2021-08-20 11:00:00,BTC/USDT,47235.01000000,47235.01000000,46865.74000000,46922.34000000,1652.62865400,77732351.37411061,44454
1629460800000,2021-08-20 12:00:00,BTC/USDT,46922.34000000,47197.97000000,46888.19000000,47164.32000000,1622.91073500,76334846.65838711,52670
1629464400000,2021-08-20 13:00:00,BTC/USDT,47164.31000000,47812.00000000,47107.12000000,47788.79000000,3651.12942600,173376993.78104864,131502
1629468000000,2021-08-20 14:00:00,BTC/USDT,47788.79000000,48594.82000000,47643.77000000,48550.53000000,6565.31410400,316257748.71259413,235268
1629471600000,2021-08-20 15:00:00,BTC/USDT,48550.52000000,48720.29000000,48206.36000000,48718.38000000,3850.88075200,186465736.32085729,138356
1629475200000,2021-08-20 16:00:00,BTC/USDT,48718.38000000,49096.34000000,48500.00000000,48758.07000000,5116.23225300,249575764.45481249,129168
1629478800000,2021-08-20 17:00:00,BTC/USDT,48758.08000000,48872.55000000,48603.74000000,48675.01000000,1664.65771300,81121587.42702224,48846
1629482400000,2021-08-20 18:00:00,BTC/USDT,48675.00000000,48747.93000000,48289.43000000,48458.00000000,2439.50131700,118321604.19550642,60131
1629486000000,2021-08-20 19:00:00,BTC/USDT,48458.00000000,48726.90000000,48421.30000000,48684.16000000,1285.82469500,62465525.88159118,41408
1629489600000,2021-08-20 20:00:00,BTC/USDT,48684.16000000,48830.67000000,48598.01000000,48640.98000000,1245.45676700,60658735.08004310,80348
1629493200000,2021-08-20 21:00:00,BTC/USDT,48640.98000000,49360.41000000,48612.42000000,49322.96000000,2204.45695900,107914925.96956200,129216
1629496800000,2021-08-20 22:00:00,BTC/USDT,49322.96000000,49382.99000000,48943.27000000,49209.69000000,2181.39177400,107193846.89474408,64130
1629500400000,2021-08-20 23:00:00,BTC/USDT,49209.69000000,49350.00000000,49004.12000000,49322.47000000,1611.86760500,79311831.19419018,43785
1629504000000,2021-08-21 00:00:00,BTC/USDT,49322.47000000,49357.62000000,48713.50000000,48878.24000000,2471.87316400,121167715.70328865,167084
1629507600000,2021-08-21 01:00:00,BTC/USDT,48878.24000000,49069.45000000,48804.46000000,49035.66000000,1103.42426600,54001915.42778329,34775
1629511200000,2021-08-21 02:00:00,BTC/USDT,49035.65000000,49100.00000000,48813.41000000,48841.77000000,1051.28528100,51483375.19231024,49193
1629514800000,2021-08-21 03:00:00,BTC/USDT,48841.77000000,48919.48000000,48670.10000000,48828.17000000,1361.65813000,66481423.24308818,74500
1629518400000,2021-08-21 04:00:00,BTC/USDT,48828.17000000,48829.48000000,48555.00000000,48625.67000000,1429.44370500,69597888.72468589,65708
1629522000000,2021-08-21 05:00:00,BTC/USDT,48625.67000000,48976.12000000,48571.06000000,48836.76000000,1346.19696900,65731311.36642664,59054
1629525600000,2021-08-21 06:00:00,BTC/USDT,48836.77000000,48839.01000000,48600.00000000,48674.74000000,1124.47014500,54789368.61479789,39386
1629529200000,2021-08-21 07:00:00,BTC/USDT,48674.73000000,48990.00000000,48618.00000000,48944.23000000,1537.13432800,75078165.66297374,101646
1629532800000,2021-08-21 08:00:00,BTC/USDT,48944.22000000,49104.82000000,48777.26000000,48855.50000000,1811.19523300,88604634.41023958,143657
1629536400000,2021-08-21 09:00:00,BTC/USDT,48855.51000000,48920.00000000,48754.12000000,48798.67000000,1249.53678100,61006244.72595433,43193
1629540000000,2021-08-21 10:00:00,BTC/USDT,48798.66000000,49349.57000000,48760.26000000,49300.01000000,3720.46825600,182604945.53023472,95701
1629543600000,2021-08-21 11:00:00,BTC/USDT,49300.01000000,49400.00000000,48222.00000000,48501.87000000,6065.61758600,294610698.04210632,177409
1629547200000,2021-08-21 12:00:00,BTC/USDT,48501.88000000,49309.58000000,48434.07000000,49204.56000000,2818.60304800,137759542.73145781,73952
1629550800000,2021-08-21 13:00:00,BTC/USDT,49204.56000000,49405.52000000,49012.30000000,49120.62000000,2504.37533600,123274853.90249955,80596
1629554400000,2021-08-21 14:00:00,BTC/USDT,49120.61000000,49150.01000000,48926.92000000,48985.19000000,1718.52853400,84260956.95755763,60714
1629558000000,2021-08-21 15:00:00,BTC/USDT,48985.18000000,49265.55000000,48946.75000000,49180.98000000,1269.22422000,62357413.12225063,121176
1629561600000,2021-08-21 16:00:00,BTC/USDT,49180.98000000,49662.00000000,49064.01000000,49480.11000000,3136.62782500,155028932.41511516,84896
1629565200000,2021-08-21 17:00:00,BTC/USDT,49480.12000000,49757.04000000,49375.78000000,49647.88000000,2567.17592700,127325368.91881821,62426
1629568800000,2021-08-21 18:00:00,BTC/USDT,49647.88000000,49662.21000000,49271.42000000,49457.59000000,1672.70465100,82686041.13881745,50172
1629572400000,2021-08-21 19:00:00,BTC/USDT,49457.59000000,49476.69000000,48765.00000000,48978.68000000,2165.25613100,106243493.95917998,102954
1629576000000,2021-08-21 20:00:00,BTC/USDT,48978.68000000,49166.66000000,48827.01000000,48991.46000000,1486.95759700,72823908.70202875,79100
1629579600000,2021-08-21 21:00:00,BTC/USDT,48991.45000000,49264.99000000,48900.00000000,49140.66000000,926.85609600,45507447.70864359,101780
1629583200000,2021-08-21 22:00:00,BTC/USDT,49140.66000000,49370.96000000,49133.53000000,49336.35000000,983.16894800,48452557.52960743,138092
1629586800000,2021-08-21 23:00:00,BTC/USDT,49336.35000000,49390.00000000,48806.58000000,48821.87000000,1223.35442700,60087927.64629540,62561
1629590400000,2021-08-22 00:00:00,BTC/USDT,48821.88000000,49031.87000000,48679.73000000,48963.69000000,1379.21012600,67398227.72007570,73935
1629594000000,2021-08-22 01:00:00,BTC/USDT,48963.69000000,49162.51000000,48854.29000000,49025.93000000,1084.08528700,53152666.93598842,80704
1629597600000,2021-08-22 02:00:00,BTC/USDT,49025.93000000,49042.17000000,48732.75000000,48836.96000000,892.25104800,43600723.37945127,63472
1629601200000,2021-08-22 03:00:00,BTC/USDT,48836.96000000,48908.91000000,48601.00000000,48790.00000000,1061.60487300,51766678.98914539,31513
1629604800000,2021-08-22 04:00:00,BTC/USDT,48790.00000000,49129.76000000,48781.10000000,49110.60000000,976.57692400,47772283.51070608,30805
1629608400000,2021-08-22 05:00:00,BTC/USDT,49110.61000000,49249.28000000,48956.34000000,49129.76000000,1116.03806300,54789385.52528894,33857
1629612000000,2021-08-22 06:00:00,BTC/USDT,49129.75000000,49272.70000000,49052.46000000,49164.45000000,1290.50499900,63483737.48523086,85876
1629615600000,2021-08-22 07:00:00,BTC/USDT,49164.45000000,49250.00000000,49096.97000000,49195.01000000,959.46956800,47192764.63180547,82582
1629619200000,2021-08-22 08:00:00,BTC/USDT,49195.01000000,49272.00000000,48900.00000000,49005.66000000,1237.63119000,60751655.78131774,40218
1629622800000,2021-08-22 09:00:00,BTC/USDT,49005.66000000,49269.99000000,49001.42000000,49218.41000000,849.33015100,41729985.90397507,35087
1629626400000,2021-08-22 10:00:00,BTC/USDT,49218.41000000,49500.00000000,49088.96000000,49115.05000000,2091.52930400,103109360.27124829,50755
1629630000000,2021-08-22 11:00:00,BTC/USDT,49115.05000000,49210.99000000,49020.22000000,49132.04000000,1147.65738500,56359818.80270650,33616
1629633600000,2021-08-22 12:00:00,BTC/USDT,49132.04000000,49210.93000000,48845.22000000,48861.55000000,1607.45108600,78720252.80326108,87598
1629637200000,2021-08-22 13:00:00,BTC/USDT,48861.56000000,49036.54000000,48666.00000000,48861.87000000,2595.62749900,126688192.50926316,148899
1629640800000,2021-08-22 14:00:00,BTC/USDT,48861.88000000,48926.18000000,48210.00000000,48251.21000000,3563.86790700,172956860.32880759,172773
1629644400000,2021-08-22 15:00:00,BTC/USDT,48251.21000000,48526.62000000,48050.00000000,48526.61000000,2700.54518700,130579238.72616826,182800
1629648000000,2021-08-22 16:00:00,BTC/USDT,48526.62000000,48835.83000000,48350.00000000,48631.06000000,2085.38865000,101309739.32754801,76206
1629651600000,2021-08-22 17:00:00,BTC/USDT,48631.06000000,48756.85000000,48480.34000000,48677.28000000,1080.60042400,52538305.07112642,41850
1629655200000,2021-08-22 18:00:00,BTC/USDT,48677.29000000,48677.29000000,48168.01000000,48373.53000000,1597.19079500,77256111.53648372,49532
1629658800000,2021-08-22 19:00:00,BTC/USDT,48373.53000000,48693.73000000,48345.36000000,48647.85000000,1090.90833100,52991016.57305213,33400
1629662400000,2021-08-22 20:00:00,BTC/USDT,48647.84000000,48652.31000000,48239.03000000,48378.96000000,990.92243800,47947539.08613121,32381
1629666000000,2021-08-22 21:00:00,BTC/USDT,48378.95000000,48743.14000000,48245.93000000,48680.02000000,973.68999500,47223233.27275664,32448
1629669600000,2021-08-22 22:00:00,BTC/USDT,48676.10000000,49285.71000000,48591.47000000,49250.14000000,2311.47139700,113173555.04790821,54341
1629673200000,2021-08-22 23:00:00,BTC/USDT,49250.13000000,49489.73000000,49160.98000000,49239.22000000,2324.33516800,114678506.94972526,55544
1629676800000,2021-08-23 00:00:00,BTC/USDT,49239.22000000,49438.09000000,49070.01000000,49418.77000000,1620.94134900,79916255.07149082,88049
1629680400000,2021-08-23 01:00:00,BTC/USDT,49418.77000000,49926.23000000,49334.31000000,49822.89000000,3452.69269900,171717244.66636169,132154
1629684000000,2021-08-23 02:00:00,BTC/USDT,49822.89000000,50280.00000000,49616.74000000,50046.27000000,4715.27954400,235571440.40721200,132412
1629687600000,2021-08-23 03:00:00,BTC/USDT,50046.27000000,50350.00000000,49790.29000000,50260.00000000,3652.39547500,182977614.85476111,159675
1629691200000,2021-08-23 04:00:00,BTC/USDT,50260.00000000,50382.35000000,50100.00000000,50300.38000000,2404.44174700,120828828.67120784,101076
1629694800000,2021-08-23 05:00:00,BTC/USDT,50300.38000000,50399.00000000,50172.99000000,50220.94000000,1928.87065500,96985415.26175533,98443
1629698400000,2021-08-23 06:00:00,BTC/USDT,50220.94000000,50361.11000000,49952.89000000,50145.59000000,1977.04253900,99145234.42460613,72615
1629702000000,2021-08-23 07:00:00,BTC/USDT,50145.59000000,50178.00000000,49989.00000000,50130.05000000,1864.00014600,93363126.25042250,99875
1629705600000,2021-08-23 08:00:00,BTC/USDT,50130.05000000,50286.01000000,50077.85000000,50259.66000000,2218.98191500,111372215.72612080,102084
1629709200000,2021-08-23 09:00:00,BTC/USDT,50259.67000000,50365.02000000,50151.06000000,50303.86000000,1745.16157000,87740386.72121804,52586
1629712800000,2021-08-23 10:00:00,BTC/USDT,50303.87000000,50500.00000000,49975.00000000,50232.21000000,2674.91468400,134397940.09118125,124537
1629716400000,2021-08-23 11:00:00,BTC/USDT,50232.21000000,50472.00000000,50130.48000000,50394.85000000,1363.89543400,68580007.08885131,40009
1629720000000,2021-08-23 12:00:00,BTC/USDT,50394.85000000,50459.93000000,50212.26000000,50273.71000000,1327.04137800,66778098.54732287,41504
1629723600000,2021-08-23 13:00:00,BTC/USDT,50273.71000000,50279.69000000,50100.00000000,50163.15000000,1531.94799100,76891691.97572444,44838
1629727200000,2021-08-23 14:00:00,BTC/USDT,50163.15000000,50331.27000000,49660.64000000,49716.53000000,3480.17212100,173700661.42999904,88107
1629730800000,2021-08-23 15:00:00,BTC/USDT,49716.54000000,49904.01000000,49309.07000000,49537.97000000,3146.20566200,156196150.31272646,148408
1629734400000,2021-08-23 16:00:00,BTC/USDT,49536.85000000,49715.39000000,49345.67000000,49698.06000000,2298.36176500,113850667.95419290,56775
1629738000000,2021-08-23 17:00:00,BTC/USDT,49698.07000000,49799.55000000,49400.00000000,49413.67000000,1507.88563400,74786288.65004463,119053
1629741600000,2021-08-23 18:00:00,BTC/USDT,49413.67000000,49625.33000000,49371.27000000,49459.11000000,1376.39207400,68116548.18252850,96716
1629745200000,2021-08-23 19:00:00,BTC/USDT,49459.10000000,49459.10000000,49077.00000000,49239.69000000,2157.04244200,106211056.13639138,99354
1629748800000,2021-08-23 20:00:00,BTC/USDT,49240.01000000,49522.80000000,49029.00000000,49504.99000000,2057.71257300,101313949.72445752,97324
1629752400000,2021-08-23 21:00:00,BTC/USDT,49505.00000000,49612.42000000,49334.19000000,49559.99000000,1364.13607900,67512400.89025597,56917
1629756000000,2021-08-23 22:00:00,BTC/USDT,49559.99000000,49666.00000000,49390.73000000,49650.00000000,1237.64065000,61335013.40372427,56282
1629759600000,2021-08-23 23:00:00,BTC/USDT,49649.99000000,49739.37000000,49430.28000000,49488.85000000,1359.38582800,67433127.24261513,34516
1629763200000,2021-08-24 00:00:00,BTC/USDT,49488.85000000,49687.49000000,49002.78000000,49221.81000000,2390.52106800,117911641.38156993,65795
1629766800000,2021-08-24 01:00:00,BTC/USDT,49221.80000000,49256.09000000,48776.26000000,48956.97000000,2838.52319800,138957871.59266095,84665
1629770400000,2021-08-24 02:00:00,BTC/USDT,48956.96000000,49224.92000000,48927.76000000,49195.55000000,1270.33926600,62409533.70484699,57688
1629774000000,2021-08-24 03:00:00,BTC/USDT,49195.55000000,49384.70000000,49180.68000000,49331.16000000,1423.96029200,70181090.23833511,37652
1629777600000,2021-08-24 04:00:00,BTC/USDT,49331.17000000,49571.55000000,49166.88000000,49479.72000000,1400.06655500,69134862.08866124,39067
1629781200000,2021-08-24 05:00:00,BTC/USDT,49479.73000000,49634.54000000,49432.07000000,49557.77000000,1145.14206800,56704922.24664001,32774
1629784800000,2021-08-24 06:00:00,BTC/USDT,49557.76000000,49800.00000000,49483.85000000,49791.98000000,1540.03595300,76495901.38787286,73775
1629788400000,2021-08-24 07:00:00,BTC/USDT,49791.97000000,49860.00000000,49645.33000000,49770.13000000,1372.99773100,68346739.08746226,94145
1629792000000,2021-08-24 08:00:00,BTC/USDT,49770.13000000,49834.00000000,49546.91000000,49673.44000000,1274.55624300,63339220.75293647,88995
1629795600000,2021-08-24 09:00:00,BTC/USDT,49673.43000000,49720.00000000,49499.39000000,49594.18000000,1213.68994500,60228784.24294340,54102
1629799200000,2021-08-24 10:00:00,BTC/USDT,49594.17000000,49846.00000000,49245.17000000,49283.07000000,1629.40107200,80636157.93498564,43626
1629802800000,2021-08-24 11:00:00,BTC/USDT,49283.07000000,49458.01000000,49060.00000000,49429.99000000,1668.53471900,82148300.98590315,43004
1629806400000,2021-08-24 12:00:00,BTC/USDT,49430.00000000,49455.92000000,49028.54000000,49333.33000000,1780.36583800,87652437.72214964,46437
1629810000000,2021-08-24 13:00:00,BTC/USDT,49333.33000000,49395.02000000,48392.26000000,48597.19000000,5187.67850100,252745864.94722709,117092
1629813600000,2021-08-24 14:00:00,BTC/USDT,48597.18000000,48719.12000000,48300.00000000,48529.58000000,3968.02349300,192625792.76287659,166386
1629817200000,2021-08-24 15:00:00,BTC/USDT,48529.59000000,48608.84000000,48210.98000000,48310.74000000,2950.08271800,142841359.24755587,161903
1629820800000,2021-08-24 16:00:00,BTC/USDT,48310.73000000,48406.26000000,47749.10000000,47950.37000000,6461.93810500,310501235.71169183,153621
1629824400000,2021-08-24 17:00:00,BTC/USDT,47950.36000000,48359.54000000,47865.94000000,48001.01000000,2247.92558200,108189203.73075409,58864
1629828000000,2021-08-24 18:00:00,BTC/USDT,48001.00000000,48197.88000000,47800.00000000,48182.07000000,1945.22961000,93378282.01085141,51366
1629831600000,2021-08-24 19:00:00,BTC/USDT,48182.06000000,48422.12000000,47904.61000000,48243.20000000,2060.62230400,99259243.88608663,52938
1629835200000,2021-08-24 20:00:00,BTC/USDT,48243.20000000,48390.16000000,48039.62000000,48335.58000000,1242.33382500,59952796.31030185,38068
1629838800000,2021-08-24 21:00:00,BTC/USDT,48335.57000000,48398.57000000,47959.00000000,48194.32000000,1027.47648700,49502434.07990668,40062
1629842400000,2021-08-24 22:00:00,BTC/USDT,48194.31000000,48364.56000000,48109.09000000,48327.03000000,980.35891000,47309106.12970032,33716
1629846000000,2021-08-24 23:00:00,BTC/USDT,48327.04000000,48404.19000000,47600.00000000,47674.01000000,1994.79126500,95626533.38050366,57155
1629849600000,2021-08-25 00:00:00,BTC/USDT,47674.01000000,48123.70000000,47652.36000000,48007.86000000,1749.99280800,83844755.68849006,51381
1629853200000,2021-08-25 01:00:00,BTC/USDT,48007.87000000,48169.56000000,47718.16000000,48156.17000000,1460.47813700,70010282.74790522,36855
1629856800000,2021-08-25 02:00:00,BTC/USDT,48156.16000000,48290.20000000,48033.27000000,48201.23000000,1176.91324400,56713943.59006666,34766
1629860400000,2021-08-25 03:00:00,BTC/USDT,48201.24000000,48275.00000000,47965.00000000,47975.93000000,1021.28068900,49166249.54803525,67694
1629864000000,2021-08-25 04:00:00,BTC/USDT,47975.93000000,48245.00000000,47886.12000000,48003.51000000,1075.32427400,51678208.60448851,31441
1629867600000,2021-08-25 05:00:00,BTC/USDT,48003.51000000,48564.08000000,47994.76000000,48520.02000000,1603.60693600,77497798.00037658,39371
1629871200000,2021-08-25 06:00:00,BTC/USDT,48520.03000000,48603.84000000,48302.05000000,48307.98000000,1304.28928200,63182497.93965822,65273
1629874800000,2021-08-25 07:00:00,BTC/USDT,48307.97000000,48505.27000000,48000.00000000,48144.58000000,1633.17228900,78811722.26607770,85436
1629878400000,2021-08-25 08:00:00,BTC/USDT,48144.58000000,48169.43000000,47259.42000000,47277.48000000,3842.07913400,183144605.98728352,93230
1629882000000,2021-08-25 09:00:00,BTC/USDT,47274.52000000,47800.74000000,47126.28000000,47245.94000000,4087.38113200,193506514.13560634,116212
1629885600000,2021-08-25 10:00:00,BTC/USDT,47245.95000000,47589.82000000,47168.34000000,47464.39000000,2038.77602300,96651305.32290939,90642
1629889200000,2021-08-25 11:00:00,BTC/USDT,47464.39000000,47643.00000000,47350.33000000,47570.01000000,1600.82032300,76035308.94297230,41238
1629892800000,2021-08-25 12:00:00,BTC/USDT,47570.01000000,47824.00000000,47440.00000000,47770.01000000,1824.14424700,86919099.83983216,65727
1629896400000,2021-08-25 13:00:00,BTC/USDT,47770.01000000,47899.99000000,47612.23000000,47671.76000000,2055.22863200,98209671.95088556,54116
1629900000000,2021-08-25 14:00:00,BTC/USDT,47671.76000000,48485.00000000,47324.99000000,48445.35000000,3834.29721800,184155562.18892117,95104
1629903600000,2021-08-25 15:00:00,BTC/USDT,48445.35000000,48900.00000000,48283.77000000,48822.49000000,3340.17315900,162122568.45417495,156789
1629907200000,2021-08-25 16:00:00,BTC/USDT,48817.41000000,48853.74000000,48600.59000000,48718.71000000,1948.17132200,94921167.75689097,88389
1629910800000,2021-08-25 17:00:00,BTC/USDT,48718.71000000,49062.20000000,48507.71000000,48830.00000000,1908.43344600,93134185.05456990,72186
1629914400000,2021-08-25 18:00:00,BTC/USDT,48830.00000000,49027.30000000,48735.77000000,48924.64000000,1120.10987400,54808047.91139602,37280
1629918000000,2021-08-25 19:00:00,BTC/USDT,48924.64000000,49172.58000000,48536.95000000,48652.14000000,1597.62294200,78104563.34331945,50463
1629921600000,2021-08-25 20:00:00,BTC/USDT,48652.13000000,49040.60000000,48601.47000000,48676.76000000,1207.63532300,58936888.21879322,39766
1629925200000,2021-08-25 21:00:00,BTC/USDT,48676.76000000,49100.00000000,48664.67000000,49080.01000000,970.42597900,47403785.32737446,73704
1629928800000,2021-08-25 22:00:00,BTC/USDT,49080.00000000,49264.30000000,48822.96000000,48905.28000000,1308.59219700,64109937.53023747,42980
1629932400000,2021-08-25 23:00:00,BTC/USDT,48905.28000000,49109.90000000,48807.97000000,48973.32000000,946.88173200,46373601.17615539,29143
1629936000000,2021-08-26 00:00:00,BTC/USDT,48973.32000000,49352.84000000,48816.10000000,49287.63000000,1807.54691000,88734377.29417253,66796
1629939600000,2021-08-26 01:00:00,BTC/USDT,49287.64000000,49336.08000000,48728.56000000,48731.46000000,1202.87222900,58931968.38865062,73992
1629943200000,2021-08-26 02:00:00,BTC/USDT,48731.46000000,48839.81000000,48611.72000000,48695.54000000,1134.69338600,55325773.05421309,30775
1629946800000,2021-08-26 03:00:00,BTC/USDT,48695.55000000,48722.42000000,47829.61000000,47911.79000000,3031.59814700,146031144.02869489,73443
1629950400000,2021-08-26 04:00:00,BTC/USDT,47911.80000000,48000.00000000,47600.60000000,47884.08000000,2295.33577600,109725761.97556981,128796
1629954000000,2021-08-26 05:00:00,BTC/USDT,47884.09000000,48055.55000000,46837.43000000,47042.36000000,4768.17736900,225528594.39429059,130714
1629957600000,2021-08-26 06:00:00,BTC/USDT,47042.36000000,47289.62000000,46560.01000000,46855.59000000,3602.20289300,169232252.81497514,124185
1629961200000,2021-08-26 07:00:00,BTC/USDT,46855.58000000,47049.25000000,46570.00000000,46891.75000000,2849.25220000,133291386.36739880,140887
1629964800000,2021-08-26 08:00:00,BTC/USDT,46891.75000000,47100.00000000,46700.00000000,46908.72000000,2136.35650000,100181600.00012460,50735
1629968400000,2021-08-26 09:00:00,BTC/USDT,46908.73000000,47015.04000000,46750.04000000,46789.99000000,1693.71901000,79377848.54701690,42483
1629972000000,2021-08-26 10:00:00,BTC/USDT,46789.99000000,47069.88000000,46693.68000000,46979.93000000,1665.67247000,78169664.49772000,41233
1629975600000,2021-08-26 11:00:00,BTC/USDT,46977.31000000,47206.46000000,46822.22000000,46835.89000000,1906.79980000,89662243.70186830,42501
1629979200000,2021-08-26 12:00:00,BTC/USDT,46835.90000000,47431.17000000,46250.00000000,46943.76000000,4982.26258400,233599099.41106441,97362
1629982800000,2021-08-26 13:00:00,BTC/USDT,46943.76000000,47270.00000000,46861.18000000,47195.75000000,1912.17403000,90067239.31708660,41797
1629986400000,2021-08-26 14:00:00,BTC/USDT,47195.75000000,47420.00000000,46828.51000000,46838.94000000,2109.83448000,99539237.48928760,52071
1629990000000,2021-08-26 15:00:00,BTC/USDT,46838.94000000,47065.08000000,46635.00000000,46800.00000000,1763.02647000,82589435.20362600,43959
1629993600000,2021-08-26 16:00:00,BTC/USDT,46800.00000000,47056.86000000,46485.16000000,46897.72000000,2263.61921000,105871224.90926320,57763
1629997200000,2021-08-26 17:00:00,BTC/USDT,46897.72000000,47123.65000000,46886.01000000,46950.26000000,1276.36545000,60000347.68700230,34426
1630000800000,2021-08-26 18:00:00,BTC/USDT,46950.26000000,47092.63000000,46731.00000000,47001.46000000,1128.54621000,52900838.46675240,34438
1630004400000,2021-08-26 19:00:00,BTC/USDT,47001.47000000,47043.88000000,46755.27000000,46939.75000000,1212.66545000,56862378.55934990,31566
1630008000000,2021-08-26 20:00:00,BTC/USDT,46934.22000000,47058.23000000,46845.00000000,47017.57000000,949.73043000,44616007.47152410,27009
1630011600000,2021-08-26 21:00:00,BTC/USDT,47017.58000000,47311.00000000,46989.89000000,47253.83000000,1502.92032000,70919720.75636210,36441
1630015200000,2021-08-26 22:00:00,BTC/USDT,47253.83000000,47439.00000000,47105.39000000,47177.68000000,1076.09816000,50881175.48159897,36970
1630018800000,2021-08-26 23:00:00,BTC/USDT,47177.68000000,47398.37000000,46818.00000000,46843.87000000,1099.80829000,51860710.41201500,92411
1630022400000,2021-08-27 00:00:00,BTC/USDT,46843.86000000,47290.00000000,46348.00000000,47249.20000000,3041.47977000,142146970.85556450,73725
1630026000000,2021-08-27 01:00:00,BTC/USDT,47249.20000000,47665.48000000,47157.89000000,47236.64000000,2534.91889500,120307397.37490151,70053
1630029600000,2021-08-27 02:00:00,BTC/USDT,47236.64000000,47486.42000000,47171.00000000,47211.29000000,1273.99566000,60298146.35991710,31879
1630033200000,2021-08-27 03:00:00,BTC/USDT,47211.29000000,47267.04000000,46690.53000000,46822.23000000,1546.56566000,72566793.10768730,61271
1630036800000,2021-08-27 04:00:00,BTC/USDT,46822.24000000,46988.88000000,46572.36000000,46924.04000000,1294.49808000,60519911.24525680,54131
1630040400000,2021-08-27 05:00:00,BTC/USDT,46924.05000000,47196.99000000,46850.04000000,47114.40000000,1004.86660000,47255413.78922570,62015
1630044000000,2021-08-27 06:00:00,BTC/USDT,47114.41000000,47250.00000000,47032.02000000,47172.05000000,1068.59874000,50380963.84756940,31389
1630047600000,2021-08-27 07:00:00,BTC/USDT,47172.04000000,47546.18000000,46840.74000000,47483.44000000,2224.44639000,105139289.41207770,52537
1630051200000,2021-08-27 08:00:00,BTC/USDT,47479.77000000,47560.00000000,47133.65000000,47187.65000000,1595.57443000,75561406.48003810,44692
1630054800000,2021-08-27 09:00:00,BTC/USDT,47187.65000000,47332.98000000,46989.48000000,47205.64000000,1384.79691000,65313830.01236420,50280
1630058400000,2021-08-27 10:00:00,BTC/USDT,47205.65000000,47620.44000000,47179.64000000,47429.78000000,1743.75160000,82627348.50395800,40634
1630062000000,2021-08-27 11:00:00,BTC/USDT,47429.77000000,47794.96000000,47311.90000000,47453.83000000,2085.17688700,99193947.49337987,89350
1630065600000,2021-08-27 12:00:00,BTC/USDT,47453.82000000,47538.18000000,47238.00000000,47338.57000000,1510.94707000,71613964.53929380,71319
1630069200000,2021-08-27 13:00:00,BTC/USDT,47338.57000000,47375.79000000,47032.63000000,47274.56000000,1634.16372000,77121088.62730740,41465
1630072800000,2021-08-27 14:00:00,BTC/USDT,47274.56000000,48233.96000000,47190.64000000,48125.05000000,4538.18210100,217431257.21392770,97883
1630076400000,2021-08-27 15:00:00,BTC/USDT,48125.57000000,48451.51000000,48125.56000000,48184.67000000,2544.57263000,122848558.43388405,68179
1630080000000,2021-08-27 16:00:00,BTC/USDT,48184.66000000,48285.70000000,47969.42000000,48178.93000000,1518.36630000,73123859.82794830,59386
1630083600000,2021-08-27 17:00:00,BTC/USDT,48178.93000000,48320.63000000,48138.59000000,48168.58000000,996.74814000,48074672.86762820,31393
1630087200000,2021-08-27 18:00:00,BTC/USDT,48168.58000000,48383.30000000,48110.68000000,48325.48000000,915.28800000,44188790.06807380,28203
1630090800000,2021-08-27 19:00:00,BTC/USDT,48325.49000000,48546.42000000,48268.72000000,48293.69000000,1197.93389100,57945069.90367681,33421
1630094400000,2021-08-27 20:00:00,BTC/USDT,48293.68000000,49149.93000000,48155.00000000,48895.24000000,2839.73991100,138465292.37828655,77825
1630098000000,2021-08-27 21:00:00,BTC/USDT,48895.24000000,49048.56000000,48850.01000000,48960.39000000,1208.75053000,59190533.66969760,58119
1630101600000,2021-08-27 22:00:00,BTC/USDT,48960.40000000,49028.72000000,48683.75000000,48985.74000000,1261.58921000,61688829.65664800,60912
1630105200000,2021-08-27 23:00:00,BTC/USDT,48985.73000000,49115.37000000,48866.50000000,49069.90000000,1103.15384000,54067894.55168270,30442
1630108800000,2021-08-28 00:00:00,BTC/USDT,49069.90000000,49299.00000000,48835.00000000,49245.01000000,2416.41983500,118693767.35640735,48215
1630112400000,2021-08-28 01:00:00,BTC/USDT,49245.00000000,49290.00000000,49021.59000000,49141.51000000,1440.24132000,70774903.25484500,32938
1630116000000,2021-08-28 02:00:00,BTC/USDT,49141.51000000,49141.52000000,48851.18000000,48939.90000000,889.78975000,43584124.90499580,43701
1630119600000,2021-08-28 03:00:00,BTC/USDT,48939.90000000,49039.98000000,48844.35000000,48852.99000000,853.53741000,41770759.83752170,22459
1630123200000,2021-08-28 04:00:00,BTC/USDT,48853.00000000,49074.81000000,48848.09000000,48954.66000000,812.05894000,39781667.22895770,20946
1630126800000,2021-08-28 05:00:00,BTC/USDT,48954.67000000,49024.55000000,48859.88000000,48867.46000000,691.63114000,33852405.81758230,20881
1630130400000,2021-08-28 06:00:00,BTC/USDT,48867.45000000,49079.84000000,48626.49000000,48998.19000000,1455.90067100,71125763.93553810,39640
1630134000000,2021-08-28 07:00:00,BTC/USDT,48998.20000000,48998.20000000,48806.66000000,48950.00000000,867.64277000,42418632.92388510,24758
1630137600000,2021-08-28 08:00:00,BTC/USDT,48949.03000000,49072.07000000,48910.41000000,48914.96000000,916.31011000,44892715.26301250,68710
1630141200000,2021-08-28 09:00:00,BTC/USDT,48914.96000000,49068.35000000,48879.93000000,48918.64000000,865.10660000,42359764.49966210,26907
1630144800000,2021-08-28 10:00:00,BTC/USDT,48918.65000000,48969.03000000,48826.00000000,48830.01000000,756.92719000,37015999.06000610,24128
1630148400000,2021-08-28 11:00:00,BTC/USDT,48830.00000000,48884.99000000,48627.31000000,48674.72000000,1449.75219000,70683651.50842060,34381
1630152000000,2021-08-28 12:00:00,BTC/USDT,48670.48000000,49200.00000000,48516.00000000,48866.00000000,2227.08873000,108700137.52922770,51409
1630155600000,2021-08-28 13:00:00,BTC/USDT,48866.00000000,48906.04000000,48680.00000000,48732.71000000,1115.36519000,54402035.28751890,32911
1630159200000,2021-08-28 14:00:00,BTC/USDT,48732.72000000,48737.01000000,48346.88000000,48646.95000000,1799.37423000,87344794.41104580,41981
1630162800000,2021-08-28 15:00:00,BTC/USDT,48646.96000000,48811.12000000,48500.58000000,48811.12000000,907.77626000,44162304.03023730,30708
1630166400000,2021-08-28 16:00:00,BTC/USDT,48811.12000000,49172.31000000,48710.00000000,48956.39000000,1596.18907000,78158509.24485840,43649
1630170000000,2021-08-28 17:00:00,BTC/USDT,48956.40000000,49040.00000000,48907.44000000,49011.31000000,865.81715000,42403916.96726860,25484
1630173600000,2021-08-28 18:00:00,BTC/USDT,49011.30000000,49094.00000000,48750.30000000,48788.99000000,753.88587000,36891109.70982680,24151
1630177200000,2021-08-28 19:00:00,BTC/USDT,48788.98000000,48788.98000000,48500.00000000,48651.93000000,1056.90562000,51391119.11978380,29031
1630180800000,2021-08-28 20:00:00,BTC/USDT,48651.94000000,48729.34000000,48578.29000000,48721.41000000,694.05584000,33766454.66081480,22173
1630184400000,2021-08-28 21:00:00,BTC/USDT,48721.41000000,48960.00000000,48671.95000000,48929.59000000,773.42527000,37752380.86361390,41074
1630188000000,2021-08-28 22:00:00,BTC/USDT,48929.60000000,48975.16000000,48665.02000000,48686.01000000,996.07221000,48637123.45855730,24097
1630191600000,2021-08-28 23:00:00,BTC/USDT,48686.00000000,48895.36000000,48653.62000000,48895.35000000,479.79042000,23401994.89696190,18680
1630195200000,2021-08-29 00:00:00,BTC/USDT,48895.35000000,49085.00000000,48810.55000000,49013.66000000,563.73792000,27602687.13375270,10769
